fecha,diesel_usd_l,elec_us_kwh,cafe_usd_qq,aguacate_usd_kg,ipc_agro_index,salario_min_usd,usd_ves_rate,mantenimiento_index
2018-01,0.52,0.098,122.40,1.65,82.1,1.20,10.5,80.5
2018-02,0.54,0.099,118.20,1.70,82.5,1.20,11.2,81.0
2018-03,0.55,0.100,120.50,1.85,83.0,1.20,12.0,81.2
2018-04,0.58,0.102,116.80,2.10,83.8,1.20,13.5,82.0
2018-05,0.61,0.103,121.10,2.30,84.5,1.20,15.0,82.8
2018-06,0.60,0.104,115.30,2.45,85.0,1.20,18.0,83.1
2018-07,0.62,0.105,112.00,2.20,85.8,1.20,22.0,83.9
2018-08,0.63,0.105,108.40,1.95,86.2,1.20,28.0,84.5
2018-09,0.65,0.106,101.20,1.80,87.0,1.20,35.0,85.0
2018-10,0.66,0.107,110.50,1.75,87.6,1.20,42.0,85.8
2018-11,0.62,0.106,107.10,1.68,88.1,1.20,50.0,86.2
2018-12,0.58,0.105,102.30,1.60,88.5,1.20,65.0,86.8
2019-01,0.59,0.105,104.80,1.75,89.0,1.50,85.0,87.2
2019-02,0.61,0.106,100.20,1.90,89.5,1.50,110.0,87.8
2019-03,0.63,0.107,98.50,2.15,90.1,1.50,140.0,88.2
2019-04,0.65,0.108,94.10,2.50,90.8,1.50,180.0,89.0
2019-05,0.64,0.109,92.80,2.80,91.2,1.50,230.0,89.5
2019-06,0.62,0.110,99.40,3.05,91.8,1.50,300.0,90.1
2019-07,0.64,0.111,105.10,2.85,92.3,1.50,400.0,90.8
2019-08,0.61,0.110,96.30,2.60,92.9,1.50,550.0,91.2
2019-09,0.60,0.111,98.00,2.35,93.4,1.50,750.0,91.9
2019-10,0.59,0.112,102.50,2.10,94.0,1.50,1000.0,92.5
2019-11,0.60,0.112,112.80,2.00,94.5,1.50,1300.0,93.0
2019-12,0.61,0.113,128.40,1.95,95.1,1.50,1800.0,93.6
2020-01,0.58,0.113,131.00,2.10,95.8,2.00,2400.0,94.2
2020-02,0.55,0.114,119.50,2.25,96.2,2.00,3100.0,94.8
2020-03,0.42,0.112,110.20,2.40,96.5,2.00,4200.0,95.1
2020-04,0.30,0.108,115.80,2.60,95.0,2.00,6000.0,94.0
2020-05,0.32,0.109,104.30,2.75,95.5,2.00,8500.0,94.5
2020-06,0.38,0.110,98.60,2.90,96.0,2.00,12000.0,95.0
2020-07,0.41,0.111,102.10,2.70,96.8,2.00,18000.0,95.8
2020-08,0.43,0.112,118.50,2.50,97.2,2.00,25000.0,96.2
2020-09,0.42,0.112,114.20,2.30,97.8,2.00,38000.0,96.9
2020-10,0.41,0.113,108.90,2.15,98.3,2.00,52000.0,97.3
2020-11,0.44,0.114,116.40,2.05,98.9,2.00,78000.0,98.0
2020-12,0.48,0.115,125.00,2.00,99.5,2.00,110000.0,98.6
2021-01,0.52,0.116,128.30,2.15,100.0,3.00,180000.0,100.0
2021-02,0.56,0.117,135.80,2.30,100.8,3.00,250000.0,100.8
2021-03,0.60,0.118,132.10,2.50,101.5,3.00,380000.0,101.5
2021-04,0.61,0.119,138.40,2.75,102.3,3.00,520000.0,102.1
2021-05,0.64,0.120,152.00,3.00,103.1,3.00,780000.0,103.0
2021-06,0.66,0.121,158.30,3.25,104.0,3.00,1100000.0,103.8
2021-07,0.68,0.122,185.00,3.10,105.2,3.00,1800000.0,104.9
2021-08,0.67,0.122,192.40,2.85,106.0,3.00,2500000.0,105.7
2021-09,0.70,0.123,190.10,2.60,107.1,3.00,4.1,106.8
2021-10,0.75,0.124,204.00,2.40,108.3,3.50,4.4,108.0
2021-11,0.74,0.124,232.50,2.30,109.5,3.50,4.6,109.1
2021-12,0.71,0.123,228.00,2.20,110.2,3.50,4.7,110.0
2022-01,0.78,0.125,238.10,2.35,111.5,4.00,4.8,111.2
2022-02,0.88,0.126,245.80,2.50,113.2,4.00,4.9,112.8
2022-03,1.15,0.129,222.40,2.80,116.8,4.00,5.1,116.0
2022-04,1.12,0.130,226.10,3.10,118.5,4.00,5.2,118.2
2022-05,1.18,0.132,218.00,3.40,120.4,4.00,5.4,120.1
2022-06,1.22,0.135,230.50,3.65,122.8,4.00,5.7,122.5
2022-07,1.10,0.136,215.20,3.30,123.5,4.00,6.0,123.9
2022-08,1.02,0.135,225.80,3.00,124.2,4.00,6.8,124.8
2022-09,0.98,0.134,218.40,2.75,125.0,4.00,8.0,125.6
2022-10,0.99,0.133,180.20,2.50,125.8,4.00,8.8,126.3
2022-11,0.95,0.132,162.50,2.35,126.5,4.00,10.5,127.0
2022-12,0.85,0.130,167.30,2.25,127.1,4.00,14.0,127.8
2023-01,0.86,0.131,160.00,2.40,128.0,5.00,19.5,128.5
2023-02,0.84,0.131,175.20,2.55,128.8,5.00,24.3,129.2
2023-03,0.82,0.130,178.60,2.80,129.5,5.00,24.5,129.9
2023-04,0.83,0.131,186.40,3.15,130.2,5.00,24.7,130.6
2023-05,0.79,0.132,180.10,3.50,131.0,5.00,26.0,131.2
2023-06,0.78,0.133,182.50,3.80,131.8,5.00,27.8,132.0
2023-07,0.81,0.134,161.20,3.45,132.5,5.00,29.5,132.8
2023-08,0.85,0.135,152.80,3.10,133.2,5.00,32.0,133.5
2023-09,0.88,0.135,148.50,2.85,134.0,5.00,34.0,134.2
2023-10,0.84,0.134,158.00,2.60,134.8,5.00,35.1,135.0
2023-11,0.81,0.133,165.20,2.45,135.5,5.00,35.5,135.8
2023-12,0.78,0.131,184.00,2.30,136.0,5.00,35.8,136.4
2024-01,0.72,0.125,185.50,2.10,136.8,6.00,36.1,137.0
2024-02,0.75,0.126,180.20,2.25,137.5,6.00,36.2,137.8
2024-03,0.78,0.128,188.40,2.40,138.2,6.00,36.3,138.5
2024-04,0.81,0.129,205.10,2.65,139.0,6.00,36.4,139.2
2024-05,0.76,0.131,212.00,2.80,139.8,6.00,36.5,140.0
2024-06,0.77,0.134,224.30,3.10,140.5,6.00,36.4,140.8
2024-07,0.79,0.136,230.10,2.95,141.2,6.00,36.6,141.5
2024-08,0.74,0.135,242.50,2.70,142.0,6.00,36.7,142.2
2024-09,0.70,0.133,258.00,2.50,142.8,6.00,36.9,143.0
2024-10,0.73,0.130,250.20,2.30,143.5,6.00,39.2,143.8
2024-11,0.71,0.128,265.80,2.20,144.2,6.00,45.8,144.5
2024-12,0.69,0.127,280.00,2.15,145.0,6.00,51.2,145.2
2025-01,0.72,0.129,275.40,2.25,145.8,7.00,52.5,146.0
2025-02,0.74,0.130,268.10,2.45,146.5,7.00,53.8,146.8
2025-03,0.76,0.131,260.50,2.60,147.2,7.00,54.2,147.5
2025-04,0.73,0.132,255.00,2.75,148.0,7.00,55.0,148.2
2025-05,0.71,0.134,248.30,2.90,148.8,7.00,56.1,149.0
2025-06,0.75,0.137,242.00,3.05,149.5,7.00,57.8,149.8
2025-07,0.78,0.138,250.00,3.20,150.2,7.00,59.0,150.5
2025-08,0.80,0.136,258.90,2.95,151.0,7.00,60.5,151.2
2025-09,0.82,0.137,262.10,2.80,151.8,7.00,62.0,152.0
2025-10,0.81,0.136,255.40,2.65,152.5,7.00,63.8,152.8
2025-11,0.79,0.135,268.00,2.50,153.2,7.00,65.2,153.5
2025-12,0.77,0.134,274.50,2.40,154.0,7.00,67.0,154.2
2026-01,0.76,0.135,270.20,2.45,154.8,8.00,68.5,155.0
2026-02,0.78,0.136,265.00,2.60,155.5,8.00,70.1,155.8
2026-03,0.80,0.137,258.40,2.75,156.2,8.00,72.0,156.5
2026-04,0.82,0.138,262.00,2.90,157.0,8.00,74.2,157.2